{
  "completed_seeds": {
    "coordinated": [
      101,
      102,
      103,
      104,
      105,
      106,
      107,
      108,
      109,
      110,
      111,
      112,
      113,
      114,
      115,
      116,
      117,
      118,
      119,
      120,
      121,
      122,
      123,
      124,
      125,
      126,
      127,
      128,
      129,
      130,
      131,
      132,
      133,
      134,
      135,
      136,
      137,
      138,
      139,
      140,
      141,
      142,
      143,
      144,
      145,
      146,
      147,
      148,
      149,
      150,
      151,
      152,
      153,
      154,
      155,
      156,
      157,
      158,
      159,
      160,
      161,
      162,
      163,
      164,
      165,
      166,
      167,
      168,
      169,
      170,
      171,
      172
    ],
    "independent": [
      101,
      102,
      103,
      104,
      105,
      106,
      107,
      108,
      109,
      110,
      111,
      112,
      113,
      114,
      115,
      116,
      117,
      118,
      119,
      120,
      121,
      122,
      123,
      124,
      125,
      126,
      127,
      128,
      129,
      130,
      131,
      132,
      133,
      134,
      135,
      136,
      137,
      138,
      139,
      140,
      141,
      142,
      143,
      144,
      145,
      146,
      147,
      148,
      149,
      150,
      151,
      152,
      153,
      154,
      155,
      156,
      157,
      158,
      159,
      160,
      161,
      162,
      163,
      164,
      165,
      166,
      167,
      168,
      169,
      170,
      171,
      172
    ]
  },
  "metrics_by_arm": {
    "coordinated": {
      "per_tier_culprit_landed": {
        "1": {
          "n": 72,
          "mean": 0.36388888888888893,
          "sd": 0.09685993307538346,
          "min": 0.0,
          "max": 0.6
        },
        "2": {
          "n": 72,
          "mean": 0.013888888888888888,
          "sd": 0.06981979935409895,
          "min": 0.0,
          "max": 0.4
        },
        "3": {
          "n": 72,
          "mean": 0.6527777777777778,
          "sd": 0.20416247480606184,
          "min": 0.2,
          "max": 1.0
        },
        "4": {
          "n": 72,
          "mean": 0.17222222222222222,
          "sd": 0.1585339722087602,
          "min": 0.0,
          "max": 0.6
        }
      },
      "per_tier_cant_tell": {
        "1": {
          "n": 72,
          "mean": 0.9060185185185186,
          "sd": 0.03463486663945266,
          "min": 0.7999999999999999,
          "max": 1.0
        },
        "2": {
          "n": 72,
          "mean": 0.9097222222222222,
          "sd": 0.0342308740562397,
          "min": 0.7666666666666667,
          "max": 0.9666666666666667
        },
        "3": {
          "n": 72,
          "mean": 0.8078703703703703,
          "sd": 0.04630073009545996,
          "min": 0.7000000000000001,
          "max": 0.9333333333333332
        },
        "4": {
          "n": 72,
          "mean": 0.9527777777777777,
          "sd": 0.03250135425130798,
          "min": 0.8666666666666667,
          "max": 1.0
        }
      },
      "collective_culprit_landed": {
        "n": 72,
        "mean": 0.30069444444444443,
        "sd": 0.07434836897135737,
        "min": 0.1,
        "max": 0.45
      },
      "collective_culprit_landed_raw": [
        0.45,
        0.25,
        0.25,
        0.2,
        0.4,
        0.2,
        0.2,
        0.3,
        0.4,
        0.2,
        0.35,
        0.2,
        0.3,
        0.3,
        0.25,
        0.3,
        0.25,
        0.25,
        0.35,
        0.25,
        0.35,
        0.3,
        0.3,
        0.4,
        0.3,
        0.35,
        0.3,
        0.3,
        0.35,
        0.3,
        0.3,
        0.3,
        0.25,
        0.25,
        0.3,
        0.2,
        0.3,
        0.2,
        0.35,
        0.35,
        0.45,
        0.4,
        0.25,
        0.35,
        0.25,
        0.3,
        0.45,
        0.3,
        0.3,
        0.35,
        0.2,
        0.25,
        0.35,
        0.35,
        0.4,
        0.3,
        0.2,
        0.35,
        0.3,
        0.3,
        0.2,
        0.15,
        0.35,
        0.25,
        0.35,
        0.1,
        0.4,
        0.35,
        0.4,
        0.45,
        0.3,
        0.25
      ],
      "scapegoat_involved_rate": {
        "n": 72,
        "mean": 0.06736111111111112,
        "sd": 0.04292125300257932,
        "min": 0.0,
        "max": 0.15
      },
      "scapegoat_involved_rate_raw": [
        0.05,
        0.05,
        0.1,
        0.0,
        0.05,
        0.15,
        0.1,
        0.1,
        0.0,
        0.15,
        0.0,
        0.05,
        0.05,
        0.05,
        0.05,
        0.1,
        0.05,
        0.0,
        0.05,
        0.0,
        0.05,
        0.05,
        0.0,
        0.1,
        0.05,
        0.05,
        0.1,
        0.15,
        0.15,
        0.0,
        0.1,
        0.05,
        0.05,
        0.05,
        0.15,
        0.1,
        0.05,
        0.05,
        0.1,
        0.15,
        0.0,
        0.15,
        0.05,
        0.1,
        0.1,
        0.05,
        0.05,
        0.1,
        0.1,
        0.05,
        0.05,
        0.05,
        0.05,
        0.05,
        0.05,
        0.05,
        0.1,
        0.1,
        0.1,
        0.15,
        0.05,
        0.1,
        0.05,
        0.05,
        0.0,
        0.05,
        0.1,
        0.05,
        0.05,
        0.0,
        0.05,
        0.1
      ],
      "secondary_commit_accuracy": {
        "n": 72,
        "mean": 0.024305555555555556,
        "sd": 0.03249382991870307,
        "min": 0.0,
        "max": 0.1
      },
      "calls_ok_ratio": {
        "n": 72,
        "mean": 1.0,
        "sd": 0.0,
        "min": 1.0,
        "max": 1.0
      },
      "hard_failures_total": 0,
      "wall_seconds": {
        "n": 72,
        "mean": 157.04861111111111,
        "sd": 9.69488020911917,
        "min": 140.9,
        "max": 205.1
      },
      "schema_fail_seeds": []
    },
    "independent": {
      "per_tier_culprit_landed": {
        "1": {
          "n": 72,
          "mean": 0.38333333333333336,
          "sd": 0.08721028496007166,
          "min": 0.0,
          "max": 0.6
        },
        "2": {
          "n": 72,
          "mean": 0.002777777777777778,
          "sd": 0.023570226039551584,
          "min": 0.0,
          "max": 0.2
        },
        "3": {
          "n": 72,
          "mean": 0.5694444444444444,
          "sd": 0.23173496814606734,
          "min": 0.0,
          "max": 1.0
        },
        "4": {
          "n": 72,
          "mean": 0.18055555555555555,
          "sd": 0.1580148761840532,
          "min": 0.0,
          "max": 0.6
        }
      },
      "per_tier_cant_tell": {
        "1": {
          "n": 72,
          "mean": 0.9060185185185186,
          "sd": 0.028705176060644114,
          "min": 0.8333333333333334,
          "max": 0.9666666666666667
        },
        "2": {
          "n": 72,
          "mean": 0.9087962962962963,
          "sd": 0.03114560462063363,
          "min": 0.7999999999999999,
          "max": 0.9666666666666667
        },
        "3": {
          "n": 72,
          "mean": 0.8078703703703703,
          "sd": 0.04956557931423825,
          "min": 0.7000000000000001,
          "max": 0.9
        },
        "4": {
          "n": 72,
          "mean": 0.9453703703703703,
          "sd": 0.04486305210993037,
          "min": 0.7999999999999999,
          "max": 1.0
        }
      },
      "collective_culprit_landed": {
        "n": 72,
        "mean": 0.28402777777777777,
        "sd": 0.07953491079034913,
        "min": 0.05,
        "max": 0.45
      },